AuthorID,Author,Date,Content,Attachments,Reactions
"1390087633496969299","nguyenhoangan1235","2026-05-02T14:06:22.6260000+09:00","休日を利用して、近所の地図作りを進めている。まだ番地を調べていない路地などが、数多く残っているのだ。","https://cdn.discordapp.com/attachments/1280905549227102210/1500000478073716870/Screenshot_2026-05-02_at_01.06.09.png?ex=6a30d9ce&is=6a2f884e&hm=097698ac71cd207602dcaa0f4b62100250581db5925370cd9c96203dcce3216f&","👍 (1)"
"739988936092418122","k.sakanoshita","2026-05-02T14:08:29.6220000+09:00","@nguyenhoangan お疲れ様です。ええと、もし良ければname以外にも名前を示すタグがあるので、そこに分けて記載するともっと良くなるかもです。","","👍 (1)"
"1390087633496969299","nguyenhoangan1235","2026-05-02T14:10:02.0140000+09:00","その通りです。「name:vi-Hani」には漢字表記を、「name:vi」にはベトナム語表記を追加しました。実験として、これら両方の名称を「name=」タグにまとめて記載してみようと考えています。おそらく、その漢字表記を認識できるのは80歳以上の方に限られるのではないかと思います。","",""
"1390087633496969299","nguyenhoangan1235","2026-05-02T14:10:40.8560000+09:00","80年前は1945年でした。1945年より前には、ベトナムにおいて漢字はほぼ完全に廃止されていました。","",""
"1390087633496969299","nguyenhoangan1235","2026-05-02T14:12:58.2730000+09:00","現在、秋葉原のデータを参照しながら、「amenity=」をいかにエレガントに描画するかを検討しています。","","👍 (1)"
"739988936092418122","k.sakanoshita","2026-05-02T14:15:48.1710000+09:00","ご説明ありがとうございます。
ただ、nameタグにまとめるのは、色々と問題があるので分けて頂けたらと思います（後で誰かがたくさん修整する必要も出てきますし）。","",""
"1390087633496969299","nguyenhoangan1235","2026-05-02T14:16:57.1170000+09:00","ご意見ありがとうございます。両方の名前を表示しつつ、「name=」の中ではそれらをどのように区別すればよいでしょうか？","",""
"1390087633496969299","nguyenhoangan1235","2026-05-02T14:17:45.7950000+09:00","例えば香港では、「name=」がこちらと同じような使われ方をしています。これは大きな問題なのでしょうか？","https://cdn.discordapp.com/attachments/1280905549227102210/1500003343206973500/Screenshot_2026-05-02_at_01.17.15.png?ex=6a30dc79&is=6a2f8af9&hm=c12de2a636e95d074949ba013fb4845b8e11663ba297d11a3e3d348c15d9f639&",""
"739988936092418122","k.sakanoshita","2026-05-02T14:26:59.7700000+09:00","すみません。日本のルールを当てはめようとしていました。国ごとにルールが異なるので、提示頂いた香港は英語を併記することが基本ルールでした。
https://wiki.openstreetmap.org/wiki/Zh-hant:Hong_Kong_tagging","",""
"1390087633496969299","nguyenhoangan1235","2026-05-02T14:28:04.4720000+09:00","承知いたしました！ご説明いただき、ありがとうございます。ただ、ベトナムでは80年前に漢字が廃止されていることを踏まえると、少し「余計なこと」のように感じられるという点については、私も同感です。","",""
"739988936092418122","k.sakanoshita","2026-05-02T14:29:26.9440000+09:00","ベトナムはどうも地域（少数民族の居住区など）では併記したほうが良い意見がある他は、基本的には分けたほうが良さそうです。ただ、具体的なルールはこれから決めていくのが良いかもですね。","",""
"1390087633496969299","nguyenhoangan1235","2026-05-02T14:30:33.2660000+09:00","おっしゃる通りだと思います。「name=」の欄からは漢字表記の名前を削除したほうがよいでしょう。というのも、それらの名前は書籍の中以外では、実質的に存在しないからです。村の入り口の門でさえ、そうした名前を目にすることは稀です。","","👍 (1),👀 (1)"
"1390087633496969299","nguyenhoangan1235","2026-05-02T14:33:11.3780000+09:00","@K.Sakanoshita あと、ここはベトナム国家大学のすぐ近くなんです。数時間後には、そこで高市早苗さんが講演を行う予定なんですよ（^ω^）","https://cdn.discordapp.com/attachments/1280905549227102210/1500007224989450272/Screenshot_2026-05-02_at_01.32.26.png?ex=6a30e017&is=6a2f8e97&hm=5493ce9255ccc6f37c2a7ea88c3d1cac55734cc692a8067db06450bb600ebd3d&","👍 (3)"
"1390087633496969299","nguyenhoangan1235","2026-05-02T14:51:11.9830000+09:00","name= から漢字を削除しました","","🙏 (1)"
"612920807940947979","btm.smellman","2026-05-02T20:47:20.6690000+09:00","https://www.openstreetmap.org/changeset/182110788#map=19/35.638124/140.157148 ちょっとだけOSM描きました。","","👍 (1)"
"739988936092418122","k.sakanoshita","2026-05-02T20:59:35.1310000+09:00","Mappy Hour案内文
【MappyHourにご参加されるみなさまへ】
MappyHourは、みんなでOpenStreetMapを描いていくイベントです。

近所でも旅先でも、興味が湧いた場所から気楽に描いていきましょう。
まずは、このチャットに「何処を描きたいか」を投稿してみましょう。
大まかな都市名や駅名でOK。描きたいものがあればそれも合わせて！
地図の描き方が分からない人は、以下のサイトを読んでみてください。
それでも分からなければチャットで質問ください。早めに返答します。

LearnOSM（はじめてからのOpenStreetMapガイド）
https://learnosm.org/ja/beginner/

地図を描いている時（マッピング中）、どう描けば良いか分からない
ものが見つかったら、チャットで描き方を一緒に考えていきましょう。
もちろん、描いている時に気が付いたこと、面白い地物などがあれば
どんどんチャットでネタを提供していきましょう。
そして、地図を描いた後は、チャットで成果発表してみませんか？
https://osm.org で描いた辺りを表示して、URLをチャットに書けば
何処をマッピングしたのか、みんなに伝えることが出来ます。
※画面キャプチャを貼り付けるのも良いですねー（Copyright付けてね）
そうそう、地図を保存する時のコメントに「#MappyHourJapan」を
追記したら、以下のサイトのHashtagsランキングに掲載されるかも？

https://osmstats.neis-one.org/

それでは、みなさん楽しくいきましょう。","","👍 (5)"
"739988936092418122","k.sakanoshita","2026-05-02T21:25:25.2910000+09:00","今日は、Linuxユーザー改「lilo/東海道Lug」の発表会へ自転車で行ったときのマッピング！
途中で自転車のブレーキが壊れて1時間ほど遅刻したのは内緒だ（笑","https://cdn.discordapp.com/attachments/1280905549227102210/1500110966917038151/image.png?ex=6a3140b5&is=6a2fef35&hm=7c94c83fadea487ccf19fc613c14e514dd7b38f2497827fece5723bd33359a0c&","👍 (4),👀 (1),🚲 (1)"
"311399254096871424","kzmi","2026-05-02T21:27:29.6720000+09:00","https://discord.com/channels/1280891177020686347/1280891177608024169/1496039914767253615 でインドアマッピングの事例をたくさん教えていただいたので、実際に筑波大学（茨城県つくば市）内のよく利用するところでなにかマッピングを試してみようと思います","","🏫 (6)"
"709289083867758625","alt9800","2026-05-02T21:50:56.7530000+09:00","OSM2Brenderの逆版をGW中に作れたらいいな...","","👍 (3)"
"709289083867758625","alt9800","2026-05-02T21:51:36.4930000+09:00","今日はひさびさに柳川市のマッピングしてます！
(久しぶりに自宅にいられるぜ...!!)","","👍 (3),🏠 (1)"
"282346512065888266","gray27","2026-05-02T21:55:14.5950000+09:00","描きました","https://cdn.discordapp.com/attachments/1280905549227102210/1500118472082980984/image.png?ex=6a309ef2&is=6a2f4d72&hm=f389ebdd6d79313a661f92ed503ac91d646cb45523c13265125a54ac6113913f&","👍 (3)"
"282346512065888266","gray27","2026-05-02T22:00:56.4500000+09:00","時間帯は昼間ですが、今日は現地サーベイもしました。8年くらい前のテナント情報or未プロットでした。人の多さから早々に退却したので、また時機改めて行かなきゃな、という感じです","https://cdn.discordapp.com/attachments/1280905549227102210/1500119905054363769/image.png?ex=6a30a048&is=6a2f4ec8&hm=19aabb937b68a4410794509e9f1829f5c12d733423bbc07d8ba6866ae154f650&","🚄 (2)"
"824917397827354634","tom_konda","2026-05-02T22:13:10.1060000+09:00","こんばんは、本日は引き続き相模大塚駅北西エリアを進めていこうと思います。","","👍 (2)"
"1409094497165512785","qing_06282","2026-05-02T22:16:06.0180000+09:00","鹿児島県奄美市
マンネリしてきたので他所様のところをマッピング
(行ったことないけど...)","https://cdn.discordapp.com/attachments/1280905549227102210/1500123720625422406/2-5-2026_221252_k-sakanoshita.github.io.jpeg?ex=6a30a3d5&is=6a2f5255&hm=da016f87c36b80fa498b2e6b7f27da8e0a4f0738ee0b4be296c4b3fb23e31ee4&","👍 (4)"
"739988936092418122","k.sakanoshita","2026-05-02T22:21:45.3970000+09:00","お疲れ様です！インドアマッピングいいですね。よろしくお願いします！","","smiling (1)"
"739988936092418122","k.sakanoshita","2026-05-02T22:22:13.5790000+09:00","あー。それは楽しそう。精密な3Dビルディングが量産されると良いですね！","","👍 (1)"
"739988936092418122","k.sakanoshita","2026-05-02T22:23:19.0910000+09:00","お疲れ様でした！田んぼのなかの集落って感じかな？","","🌾 (1)"
"739988936092418122","k.sakanoshita","2026-05-02T22:23:47.7580000+09:00","お疲れ様です。先ほどもお疲れ様でした！今週もよろしくね！","","👍 (1)"
"741627260875833415","ryoa8139","2026-05-02T22:23:52.5380000+09:00","たまには都内を。

＞(RapiD_Plateau)追加エリアの希望ですが、もしよろしければ、世田谷区・渋谷区・新宿区・中野区・豊島区を追加いただければと思います。
↑ホントにそう思う・・・（欲を言うと板橋区も）
（建物の数が半端ない＆不整形な建物が多い ）","https://cdn.discordapp.com/attachments/1280905549227102210/1500125677201129684/FireShot_Capture_021_-_overpass_turbo_-_overpass-turbo.eu.png?ex=6a30a5a8&is=6a2f5428&hm=3c845f553f7b1737d64b3ba45bea388bc81f03fcc70155629df878abdd336281&","👍 (3)"
"739988936092418122","k.sakanoshita","2026-05-02T22:24:58.3240000+09:00","お疲れ様でした！気分転換にいいと思います！（私もたまに全く知らない場所をマッピングするので分かります）","",""
"282346512065888266","gray27","2026-05-02T22:25:06.0600000+09:00","あと、高層物の影で見えないとか","","😅 (2)"
"739988936092418122","k.sakanoshita","2026-05-02T22:25:35.2290000+09:00","お疲れ様です！都内は意外とマッピングされていないですからね。よろしくお願いします！","",""
"837915872663437332","nmaruichi0129","2026-05-02T22:41:16.1690000+09:00","こんばんは、
本日は、久しぶりにスポーツ的な意味でサイクリングしました。
サイクルコンピュータの最大勾配が、14% でところがありました。
そのルートのなかに、私が以前に描いていた林道があるのですが、その林道は、Google Map にありません。
Street View では、林道入り口に柵がしてあったので現地確認しました。
確認前に調べたところ、災害復旧工事の対象となっている様だった(もともと「かなりやばい(危ない)多くの未舗装路を道路」でした)ので、現地確認しました。
やはり柵をされていました。(現地で工事が行われていることは、わからなかったので access=no と柵を描いておきます。)

また新しい橋が開通したので、先週現地確認に行きました。予算削減のため初期の構想から歩道が外されたのは知っていたですが、歩行者も自転車も通行禁止でしたので走れませんでした。
上記のアクセス制限は、タグ付けされていないので設定しておこうと思います。
ベタ踏み橋と評価される 6% 勾配のある橋の下り線です。

あと、最近に描いていた住宅団地の建物を追加が終わりそうなのでそちらにも取りかかりたいと思いますが、作業は間に合わない気がします。
そういえば、定例会でフォローしておくといったのだ遅れるかもしれません。","","👍 (5)"
"1253595232222707886","okadatsuneo","2026-05-02T22:42:48.6410000+09:00","こんばんは。田園調布の建物空白域を埋めてます。","https://cdn.discordapp.com/attachments/1280905549227102210/1500130442458693762/image.png?ex=6a30aa18&is=6a2f5898&hm=e32c103cf62cd029aca672bf09fb1a3ad7f75ef6a979197d6fad9aadb21f41bc&","👍 (6)"
"739988936092418122","k.sakanoshita","2026-05-02T22:47:10.8420000+09:00","お疲れ様でした！歩道がなくなった橋は残念ですね。うーん。お忙しい中、フォローありがとうｇざいます。余裕のある時で十分ですので！","",""
"739988936092418122","k.sakanoshita","2026-05-02T22:47:32.9380000+09:00","お疲れ様でした！田園調布にも空白ありましたかー。感謝！","",""
"311399254096871424","kzmi","2026-05-02T23:26:18.7080000+09:00","想定外に時間を使ってしまいましたが、図書館の内部が無事マッピングできました！
JOSM初利用でもあったのですが良い感じに使い慣れることができました 🍵 
https://openlevelup.net/?l=0#20/36.08612/140.10623
https://www.openstreetmap.org/changeset/182119397","https://cdn.discordapp.com/attachments/1280905549227102210/1500141390649102377/image.png?ex=6a30b44a&is=6a2f62ca&hm=1fbd477a49a7dd8b043366f25b8caf46692a9666173fbd1c56305613fab66605&,https://cdn.discordapp.com/attachments/1280905549227102210/1500141391089500281/image.png?ex=6a30b44a&is=6a2f62ca&hm=47660c03e93ece594e6ce25c7ce7e1cbaf37ad57e41946d4bb2c606bee3b169b&","👍 (5),❤️ (1)"
"1265612705079754807","hokkosha","2026-05-03T00:07:19.2650000+09:00","今日は沖縄アリーナというところに推し活にやってきました。
もう疲れたけど、会場周辺の敷地内通路とか最新になってなかったのでちょっとだけ修正。","https://cdn.discordapp.com/attachments/1280905549227102210/1500151709870194921/PXL_20260502_070812219.jpg?ex=6a30bde7&is=6a2f6c67&hm=ad481889ea637e135e9955b310b01706a21ee7a169bbad9ebde737d3f0554537&,https://cdn.discordapp.com/attachments/1280905549227102210/1500151710486761582/2026-05-03_00-04-54.png?ex=6a30bde7&is=6a2f6c67&hm=6334b2fb65cac7b6e7547fd12929d99db82ccbba0e5c2cc05c3ab16402249117&","👍 (3)"
"739988936092418122","k.sakanoshita","2026-05-03T00:08:09.3440000+09:00","お疲れ様でした！インドアアプリが充実していくと良いですね。","","❤️ (1)"
"739988936092418122","k.sakanoshita","2026-05-03T00:08:51.0510000+09:00","沖縄にきてましたか！そちらも併せてお疲れ様でした！","","👍 (1)"
"837915872663437332","nmaruichi0129","2026-05-03T00:14:51.2810000+09:00","住宅団地の建物を追加は、完了かと思います。この後は、現地調査して公園やその他描ける地物を修正したいと思います。
林道の名前で調べたときに事業費の書かれた「林道災害復旧事業」の資料を見たので直ったら、通れるようになるのか気になります。
橋の方は、予定していた通行禁止以外に 'bridge:name' キーを設定しただけです。","https://cdn.discordapp.com/attachments/1280905549227102210/1500153604995289158/image.png?ex=6a30bfaa&is=6a2f6e2a&hm=540390bd0c010c19060821c422a36cc5639d3b31949fe553955c0a2988381635&,https://cdn.discordapp.com/attachments/1280905549227102210/1500153605435687052/image.png?ex=6a30bfab&is=6a2f6e2b&hm=3c877199654f43feb44dd0406cd965df3b3518fddd78b30471fcdcfb269a1b8b&,https://cdn.discordapp.com/attachments/1280905549227102210/1500153606052253898/image.png?ex=6a30bfab&is=6a2f6e2b&hm=342a0b6571b536dc4e41a1207a8d068c3bc3380e1f733cac97dd6812d394d75d&","👍 (4)"
"824917397827354634","tom_konda","2026-05-03T00:25:54.8290000+09:00","今晩の成果です。
駅から近い区画は埋まってきた感じです。
引き続き、周辺を埋めていきたいです。
https://www.openstreetmap.org/changeset/182121899","https://cdn.discordapp.com/attachments/1280905549227102210/1500156389639716946/image.png?ex=6a30c242&is=6a2f70c2&hm=2f43c0a1da7443fcc9de8dffc6fc316f772f4e6ca8dcdf4818e98e2331e0435e&","👍 (4)"
"1265612705079754807","hokkosha","2026-05-03T00:42:32.5060000+09:00","沖縄アリーナのあるコザ運動公園、地理院シームレス画像には存在せずEsri画像には存在する敷地内通路と駐車場が多数ありましたが、今日現地行ってみてEsriが正しいのを確認したので、Esriトレースで少々修正。
もう眠いのでまた今度にします。
ライブは2日間なので、2日目ももうちょっと周辺見れるといいなと思いつつ、多分暑くてやらない気がします。","https://cdn.discordapp.com/attachments/1280905549227102210/1500160573332263003/2026-05-03_00-33-47.png?ex=6a30c628&is=6a2f74a8&hm=5c5e9edb51b2a982bb1e7554832be0491776d1c9fcfa078e439838d6067031a8&,https://cdn.discordapp.com/attachments/1280905549227102210/1500160573789176023/2026-05-03_00-38-20.png?ex=6a30c628&is=6a2f74a8&hm=bd30a2ac5e3c099c4d9ae9e4db8d0daf77e2e4aec01fa8dd60efb60e51ea4eb0&","👍 (5)"
"844251370411786272","wish.f","2026-05-03T01:33:43.0370000+09:00","本日の成果は
数年前に警察の管轄変更があったところの交番等に入ってる名称の修正（とその近辺の修正）
建物が三重にトレースされていた（！）造幣局広島支局の修正
あと建物が描かれてないところのトレースをやってました。

どうも、JOSMでデータをダウンロードせずにトレースされてたようで...笑","https://cdn.discordapp.com/attachments/1280905549227102210/1500173452596744192/image.png?ex=6a30d226&is=6a2f80a6&hm=94dc4f11521df1e457803d8c41b5d90b9fbd2545a3a67b1f6941132aa338b7af&","🪙 (5),🚓 (1)"
"282346512065888266","gray27","2026-05-03T06:01:18.0900000+09:00","おはようございﾏｯﾋﾟﾝ","https://cdn.discordapp.com/attachments/1280905549227102210/1500240792361369751/image.png?ex=6a3110de&is=6a2fbf5e&hm=618c83c1455a9f6f4a21f3e9d0cfd0a88db00d8fa91e97dc3406bd5ee05cd73a&","❤️ (3),👍 (4)"
"702173163831689267","stolas_goetia_","2026-05-03T11:18:53.3200000+09:00","甲斐町公園","https://cdn.discordapp.com/attachments/1280905549227102210/1500320714585149593/1f1654fd348c9123.png?ex=6a30b28c&is=6a2f610c&hm=16800d699404a01cd77dd47e40779a1dc8bd04696045870bedc8509d9239365c&,https://cdn.discordapp.com/attachments/1280905549227102210/1500320714971156631/-7b6ee479021700ba.png?ex=6a30b28d&is=6a2f610d&hm=063eced97110413ee9fb56b45d95f2912c63884130086b651db939f8f0a235c6&,https://cdn.discordapp.com/attachments/1280905549227102210/1500320715319017482/-7184690dda66de35.png?ex=6a30b28d&is=6a2f610d&hm=20939bb62bfe802f7cffab215c8c8bcf4a52ed68be1ab00248e247a981ff47c2&,https://cdn.discordapp.com/attachments/1280905549227102210/1500320715784720424/20260503_100825.jpg?ex=6a30b28d&is=6a2f610d&hm=698a029e96757a68d05b1887a99f55e714832c611a6601e7b87f34ae57cdf748&","👍 (5),❤️ (3)"
"739988936092418122","k.sakanoshita","2026-05-03T15:53:36.1950000+09:00","お疲れ様でした！結構な量の建物書かれましたね。すごい。","","🏘️ (1)"
"739988936092418122","k.sakanoshita","2026-05-03T15:54:38.8550000+09:00","お疲れ様でした！花博近くの地図も充実してきましたね。","",""
"739988936092418122","k.sakanoshita","2026-05-03T15:56:05.5460000+09:00","お疲れ様でした！JOSM使いがみんな熟練とは限らないのがありますよね（汗","",""
"739988936092418122","k.sakanoshita","2026-05-03T15:56:33.8220000+09:00","お疲れ様でした！丁寧な公園マッピングですね。","","⭐ (1)"
"709289083867758625","alt9800","2026-05-03T19:24:08.1460000+09:00","新興住宅地(といっても10年ものくらいですが)も道路も書かれてなくてギョッとしますね〜、頑張って追加しなきゃ... ＠柳川市","https://cdn.discordapp.com/attachments/1280905549227102210/1500442832144437279/image.png?ex=6a312448&is=6a2fd2c8&hm=2821d1ddbec6fe4542f3c286ba59dbd57e7c90af6de983d82c9b38feab9cd887&","❤️ (2)"
"702173163831689267","stolas_goetia_","2026-05-03T19:57:22.0980000+09:00","福岡県柳川市間ですね、わかりました.
近いうちに佐賀へ行く予定なので、その際にここを通れるか確認して、地図編集をしようと思っています。","","🙇‍♂️ (1)"
"739988936092418122","k.sakanoshita","2026-05-04T11:10:40.0630000+09:00","すみませんが、この投稿はOpenStreetMapと関係あるかご返答ください。","",""
"1390087633496969299","nguyenhoangan1235","2026-05-04T11:33:06.0710000+09:00","tại sao anh lại ở đây? server này cấm ko quảng cáo rác.
(なぜここにいるのですか？このサーバーはスパム広告を禁止しています。)","",""
"282346512065888266","gray27","2026-05-04T17:04:35.8640000+09:00","インドアマッピングと呼べるほどではないけれど","https://cdn.discordapp.com/attachments/1280905549227102210/1500770103699181599/image.png?ex=6a310393&is=6a2fb213&hm=0d493d33789ab1fc80c0179abb705bd2a9951184c5f1c096570307766022f469&,https://cdn.discordapp.com/attachments/1280905549227102210/1500770104097505451/image.png?ex=6a310393&is=6a2fb213&hm=59a17bc80e077d7197edd55c6dcd15ac973e4203e6e67c67515922064fcd8fec&","👍 (4)"
"709289083867758625","alt9800","2026-05-04T21:03:14.6820000+09:00","(背景地理院地図航空写真)
今年も有田陶器市に行ってきました。
昨年は気が付かなかったのですが、有田町内はbingの2011年のソースからインポートされた建物が多くて建物とそれに対する窯元などPoIのマッピングは充実してきているものの、しかしながら道路や航空写真に対して建物がずれていて修正が必要なところも結構ありそうです(画像はセットバック後)
新興の陶器屋さんも素敵なお店がたくさんできていたので地図に残さねばという所存です","https://cdn.discordapp.com/attachments/1280905549227102210/1500830161627648100/image.png?ex=6a313b82&is=6a2fea02&hm=393ef55594c9a43b193fa1c5f894b8a748d3f2587dcd293634e9070fe0341f11&","👍 (3)"
"709289083867758625","alt9800","2026-05-04T21:11:04.0990000+09:00","最近こちらのチャンネルにもスパムがたまに流れてきますね。
(あるいはツールを使った人間による無差別なメッセージなんでしょうけどBotと変わりはないので...) 
デフォルトでは三人くらいから通報受けると強制的にほかのユーザにも表示されなくなってるはずで、
`...>メッセージの通報>スパム`と入れると重みづけできて他のユーザも助かると思います。","","👍 (2),👀 (1)"
"282346512065888266","gray27","2026-05-06T18:10:01.7580000+09:00","私だけかしら","https://cdn.discordapp.com/attachments/1280905549227102210/1501511346263425034/image.png?ex=6a3112e9&is=6a2fc169&hm=d24745d5e55883df976ee1bc3d0ec0f8935e5232634bd2d716d2d4c5fb5ecc2d&","😅 (1)"
"282346512065888266","gray27","2026-05-06T18:12:47.6550000+09:00","うーん、応答速度は遅いけど動かないことはないな iD","","😅 (1)"
"739988936092418122","k.sakanoshita","2026-05-06T18:14:50.1500000+09:00","EveryDoorの動きも少し遅い感じですねー","",""
"824917397827354634","tom_konda","2026-05-06T18:25:14.9230000+09:00","さっき EveryDoor からアップロードしようとしたら拒否されました。
再試行したらアップロードできたので、サーバの調子が悪いのかもしれないですね","",""
"282346512065888266","gray27","2026-05-06T19:11:32.1350000+09:00","今日の夕方はそんなに人も多くなくわりとゆっくりサーベイできました","https://cdn.discordapp.com/attachments/1280905549227102210/1501526824889487461/image.png?ex=6a312154&is=6a2fcfd4&hm=ce1761424eaf810df68dfa306b4ea3d9423bc8ed8abfe673fb599c260ace5fe9&","👍 (4)"
"844251370411786272","wish.f","2026-05-06T19:11:58.3730000+09:00","JOSMでもサーバの反応がないメッセージが出ました","",""
"282346512065888266","gray27","2026-05-07T15:00:33.3200000+09:00","規模が縮小してしまった山梨県中央市のショッピングセンターをマッピングしてきました","https://cdn.discordapp.com/attachments/1280905549227102210/1501826051498840115/Screenshot_20260507-145937.jpg?ex=6a30e681&is=6a2f9501&hm=da2ee423164888982e8d88b3c68cebf20e5d18f675ee9c893e4d2d018c61d524&","👍 (4)"
"282346512065888266","gray27","2026-05-07T17:41:55.9530000+09:00","PCから手直し","https://cdn.discordapp.com/attachments/1280905549227102210/1501866663564279859/image.png?ex=6a310c53&is=6a2fbad3&hm=0a2d1e92349e3fb9810dbe464771b58d8d9f30f60b59a9c4f7a9b1d0c1903c3f&","👍 (4)"
"709289083867758625","alt9800","2026-05-08T02:07:20.6210000+09:00","九州産業大学に行ってまいりました。
色々書き方のスタイルでよくないお作法かもしれませんが、芝生のレイヤーを分けて描くことでサッカーコートを実現していて感心しました。","https://cdn.discordapp.com/attachments/1280905549227102210/1501993853513760768/image.png?ex=6a30da08&is=6a2f8888&hm=618813bfef65a3b3ee678371b38166938b12c6eb7a6caff96ef934aed21ddebd&,https://cdn.discordapp.com/attachments/1280905549227102210/1501993853979463952/image.png?ex=6a30da08&is=6a2f8888&hm=e4557d568a5dfb8862d9077179cebe3bfe47afa2ba702f09781a15f14ea4b0f4&","👍 (4),🫠 (3),⚽ (4),🍷 (1)"
"1489170265928630272","canunen_tomtom","2026-05-09T18:56:12.9400000+09:00","Good evening. For those of you who might be interested to address and check data validation issues, these three Maproulette challenges are also available: 

https://maproulette.org/browse/challenges/54920
https://maproulette.org/browse/challenges/54921
https://maproulette.org/browse/challenges/54728
https://maproulette.org/browse/challenges/54755

I am particularly curious about a high number of roads tagged as **alley**, which by definition provides only back access for utilities such as garbage collection. If a road segment has access to a main entrance of a structure, it would be either service or higher (residential etc.). 

Do you think it is a misinterpretation or a mistranslation in the presets? In Turkish community we also have a translation issue with **living streets** so editors overuse that tag for Turkish data. 

I am also checking those roads from GSI datasets and they look like driveable, mostly residential roads providing direct access to buildings. 

Any clarification will be much appreciated. Thank you.","https://cdn.discordapp.com/attachments/1280905549227102210/1502610133576843316/image.png?ex=6a311dbc&is=6a2fcc3c&hm=b998237bef1a7d615a704f711cb868a45ab9adacc896d125973eee9232c09334&,https://cdn.discordapp.com/attachments/1280905549227102210/1502610133920780349/image.png?ex=6a311dbd&is=6a2fcc3d&hm=d802521219f58690ddd29d7265b689a4bd88ff8f065df50d50da71723c231b08&","🛣️ (1),👍 (1)"
"739988936092418122","k.sakanoshita","2026-05-09T20:58:58.9250000+09:00","Mappy Hour案内文
【MappyHourにご参加されるみなさまへ】
MappyHourは、みんなでOpenStreetMapを描いていくイベントです。

近所でも旅先でも、興味が湧いた場所から気楽に描いていきましょう。
まずは、このチャットに「何処を描きたいか」を投稿してみましょう。
大まかな都市名や駅名でOK。描きたいものがあればそれも合わせて！
地図の描き方が分からない人は、以下のサイトを読んでみてください。
それでも分からなければチャットで質問ください。早めに返答します。

LearnOSM（はじめてからのOpenStreetMapガイド）
https://learnosm.org/ja/beginner/

地図を描いている時（マッピング中）、どう描けば良いか分からない
ものが見つかったら、チャットで描き方を一緒に考えていきましょう。
もちろん、描いている時に気が付いたこと、面白い地物などがあれば
どんどんチャットでネタを提供していきましょう。
そして、地図を描いた後は、チャットで成果発表してみませんか？
https://osm.org で描いた辺りを表示して、URLをチャットに書けば
何処をマッピングしたのか、みんなに伝えることが出来ます。
※画面キャプチャを貼り付けるのも良いですねー（Copyright付けてね）
そうそう、地図を保存する時のコメントに「#MappyHourJapan」を
追記したら、以下のサイトのHashtagsランキングに掲載されるかも？

https://osmstats.neis-one.org/

それでは、みなさん楽しくいきましょう。","","👍 (4)"
"739988936092418122","k.sakanoshita","2026-05-09T21:38:30.5840000+09:00","6/21に三ノ宮で五宮～八宮を歩くマッピングパーティするので、その下見と軽くマッピングしました。
ただ、建物がまだまだ少ないので、建物マッピングに協力してくれる方がいるとうれしいなー。","https://cdn.discordapp.com/attachments/1280905549227102210/1502650975503257670/image.png?ex=6a3143c6&is=6a2ff246&hm=dcee78a3523f269406f7d4e180d1e72d509c8a491dc2ee175241c856edbe2d15&","🏘️ (3)"
"837915872663437332","nmaruichi0129","2026-05-09T21:40:00.3810000+09:00","こんばんは、
本日は、mapillary の写真をアップロードをまとめて行いました。
この中にGW中のものがあり、描かれていない短い道もあったのでマッピングしたいと思います。
その他、最近に描いていた住宅団地の周辺も描くかも……。","","👍 (3)"
"739988936092418122","k.sakanoshita","2026-05-09T22:00:32.8160000+09:00","お疲れ様です！マピラリーお疲れ様でした！
道のマッピングよろしくお願いしますね！","","👍 (2)"
"739988936092418122","k.sakanoshita","2026-05-09T22:01:01.3440000+09:00","ここだけはげ山ー。リレーション壊れてる？（あまり見たくない）
https://www.openstreetmap.org/relation/11542725#map=12/35.9091/136.3129","",""
"1000730340815536129","kk.wcjp","2026-05-09T22:07:16.9420000+09:00","https://www.openstreetmap.org/changeset/182424023#map=17/34.624264/135.554408
環濠都市だった平野の「平野十三口」（とその跡地）を揃えました","","👍 (3)"
"1253595232222707886","okadatsuneo","2026-05-09T22:17:42.4000000+09:00","Hi,
From what I've seen, it seems that some mappers prefer to tag ""highway=service"" with ""service=alley,"" even if they're just regular residential roads.","","✨ (1)"
"1253595232222707886","okadatsuneo","2026-05-09T22:51:36.6070000+09:00","マルチポリゴンのウェイが交差していたのを直したので、これで直るかも？です。","","👍 (2)"
"824917397827354634","tom_konda","2026-05-09T22:59:37.6010000+09:00","こんばんは、本日も相模大塚駅北西エリア周辺のマッピングをしていこうと思います。","","👍 (2)"
"739988936092418122","k.sakanoshita","2026-05-09T23:08:26.3990000+09:00","お疲れ様でした！平野区のあたりはマッピングがまだまだな場所なので、ありがたくー。","",""
"844251370411786272","wish.f","2026-05-09T23:09:48.2210000+09:00","今日のMappyHourは明日のOSM概要説明のスライドを作っているのですが、
途中ですべての内容が文字化けしてしまってなんでやねん！っとなっています。","https://cdn.discordapp.com/attachments/1280905549227102210/1502673950361125055/image.png?ex=6a30b06c&is=6a2f5eec&hm=cceaab27d372493c9eb2ecd4be2523af22b88ee912e9600c62c066a230f5f532&","😅 (5)"
"739988936092418122","k.sakanoshita","2026-05-09T23:10:43.8260000+09:00","ドラクエ２のふっかつの呪文みたい！","",""
"739988936092418122","k.sakanoshita","2026-05-09T23:11:22.2870000+09:00","ありがとう！道路などを修正されている方がクロスさせてしまったのかな。とにかく感謝！","",""
"739988936092418122","k.sakanoshita","2026-05-09T23:12:53.1500000+09:00","お疲れ様です！来年の今頃はお世話になってそうな場所なので、よろしくお願いします！","","👍 (1)"
"844251370411786272","wish.f","2026-05-09T23:14:02.4770000+09:00","突然Noto Sans JPフォントのエラーが発生したみたいです笑","","😅 (2)"
"837915872663437332","nmaruichi0129","2026-05-10T00:17:43.9650000+09:00","接続する道路の方も精度が低かったので線形修正を行ったので、最初の方のみになりました。","https://cdn.discordapp.com/attachments/1280905549227102210/1502691045471682590/image.png?ex=6a30c057&is=6a2f6ed7&hm=f3c6f129dced757f75cd89639972fe57f6951d0e0ac68c0be69336ce0cf2ed92&",""
"824917397827354634","tom_konda","2026-05-10T02:27:26.6460000+09:00","今晩の成果です。桜森交差点付近が大分埋まりました。
https://www.openstreetmap.org/changeset/182430692","https://cdn.discordapp.com/attachments/1280905549227102210/1502723689114894457/image.png?ex=6a30debe&is=6a2f8d3e&hm=61a908a7841d5cf00a646fb4e7008fdd0fc3c1d740480eeb76aaa046938c0e92&","👍 (4)"
"282346512065888266","gray27","2026-05-10T08:51:04.4550000+09:00","昨夜の描き描き","https://cdn.discordapp.com/attachments/1280905549227102210/1502820225047859282/image.png?ex=6a3138a6&is=6a2fe726&hm=cb9f0d2f937557eb146dd3c8943a4a754a8c313cf98fa77eca641f18feed7346&,https://cdn.discordapp.com/attachments/1280905549227102210/1502820231926779986/image.png?ex=6a3138a8&is=6a2fe728&hm=1c2b95e642289c754300421f2b82a91cee25e08accbad820326aa4a7ae51ea79&","👍 (5)"
"606509455630270474","kussun0183","2026-05-10T13:53:05.6340000+09:00","こんにちは。OSMとuMapのことを紹介することになったので、簡単に紹介サイトを作りました。
久しぶりに著作権ページみたけど、
著作権表示が、@OpenStreetMap contributorsから、@OpenStreetMapに変わったのかな？
https://minamiosakasensyuwakayamatankenki.info/archives/2839?preview_id=2839&preview_nonce=bf9092648b&preview=true&_thumbnail_id=2845","",""
"282346512065888266","gray27","2026-05-10T14:55:04.1920000+09:00","WordPressの記事リンク、previewだからかな、見れなかったですー","",""
"282346512065888266","gray27","2026-05-10T14:55:42.9540000+09:00","2839?pre の?以後を消したら普通に見えた","",""
"257034912320716803","zaneo","2026-05-10T18:27:54.3300000+09:00","目標は、一時停止標識、横断歩道、車線数、制限速度、路面状況でした。","https://cdn.discordapp.com/attachments/1280905549227102210/1502965396653871204/image.png?ex=6a31171a&is=6a2fc59a&hm=372970eefa241c1900d17ca6e20517e9e2a2bc7d99e0dcbe3c060635c0226283&","👍 (4)"
"308205264220454923","westantenna","2026-05-10T22:51:57.2880000+09:00","四日市の中央通の通行方法が大きく変わったところを、ざっくり反映しました。大きな書き換えは緊張します。","https://cdn.discordapp.com/attachments/1280905549227102210/1503031845393010758/Screenshot_2026-05-10_at_22-18-44_OpenStreetMap.jpg?ex=6a30ac3c&is=6a2f5abc&hm=48c148e85afdd8e3a8ecc799fedb1ce96904d9de75afc3a4ddae8e572cd997bd&,https://cdn.discordapp.com/attachments/1280905549227102210/1503031846034870454/Screenshot_2026-05-10_at_22-31-38_OpenStreetMap.jpg?ex=6a30ac3d&is=6a2f5abd&hm=815f35ed1a48b979b4cb40a21b7ef87e28c7fc07d7b182048b718b5dd93ed232&","👍 (4)"
"1390087633496969299","nguyenhoangan1235","2026-05-13T11:34:30.8020000+09:00","この地域における、JAXAの森林被覆データをOpenStreetMapへインポートする作業のうち、20%が完了しました。現在は、マッピング済みの森林データに対する品質確認（QA）を行っており、その後、各森林データにJAXAへのクレジット情報を追加する作業を進めています。

この地域の作業が完了した暁には、機械学習への活用を通じて、衛星データの有効性をさらに高めることにつながるよう願っています。","https://cdn.discordapp.com/attachments/1280905549227102210/1503948527196438609/Screenshot_2026-05-12_at_22.30.31.png?ex=6a30b636&is=6a2f64b6&hm=468999a796079b0f9b1c6df78d1ac6a7480e59220f187fc2dd929ed914701ebf&","👍 (2)"
"1390087633496969299","nguyenhoangan1235","2026-05-13T11:36:55.0640000+09:00","データは現在、まだクリーンアップの段階にあります。データのQA（品質保証）を行うために、「divide and map. now.」を使用しています。
-> https://qa.damn-project.org/mappy/#area=2729","https://cdn.discordapp.com/attachments/1280905549227102210/1503949132400951456/Screenshot_2026-05-12_at_22.35.07.png?ex=6a30b6c7&is=6a2f6547&hm=697bcf0a18cf07960034e15eda8ad6b35ff3a06cf65433e25ea1fddffef67367&,https://cdn.discordapp.com/attachments/1280905549227102210/1503949133050810409/Screenshot_2026-05-12_at_22.35.58.png?ex=6a30b6c7&is=6a2f6547&hm=791565b845d1db6b1910f6ebe6cf46947a6a727f9a82b179a45830ab6b17c671&","👀 (4)"
"1489170265928630272","canunen_tomtom","2026-05-15T17:21:05.9560000+09:00","皆さん、こんにちは！

今週土曜日のMappy Hourにぴったりかもしれない、2つのMapRouletteチャレンジを共有させてください。日本における重複した道路セグメントと未接続の道路セグメントを特定・修正するチャレンジです。

🔹 重複した道路（Duplicated Highways）：https://mpr.lt/c/54967
🔹 未接続の道路（Disconnected Highways）：https://mpr.lt/c/54965

今週土曜日にマッピングするものをお探しでしたら、ぜひ挑戦してみてください！

==========
Hi everyone!
 
I'd like to share two MapRoulette challenges that might be a fit for this Saturday's Mappy Hour, focusing on identifying and fixing duplicated and disconnected highway segments in Japan

Duplicated Highways: https://mpr.lt/c/54967
Disconnected Highways: https://mpr.lt/c/54965

If you're looking for something to map this Saturday, feel free to give these a try!

Happy Mapping! 🗺️","","🕘 (2),💪 (1),👍 (1)"
"739988936092418122","k.sakanoshita","2026-05-16T20:59:58.3600000+09:00","Mappy Hour案内文
【MappyHourにご参加されるみなさまへ】
MappyHourは、みんなでOpenStreetMapを描いていくイベントです。

近所でも旅先でも、興味が湧いた場所から気楽に描いていきましょう。
まずは、このチャットに「何処を描きたいか」を投稿してみましょう。
大まかな都市名や駅名でOK。描きたいものがあればそれも合わせて！
地図の描き方が分からない人は、以下のサイトを読んでみてください。
それでも分からなければチャットで質問ください。早めに返答します。

LearnOSM（はじめてからのOpenStreetMapガイド）
https://learnosm.org/ja/beginner/

地図を描いている時（マッピング中）、どう描けば良いか分からない
ものが見つかったら、チャットで描き方を一緒に考えていきましょう。
もちろん、描いている時に気が付いたこと、面白い地物などがあれば
どんどんチャットでネタを提供していきましょう。
そして、地図を描いた後は、チャットで成果発表してみませんか？
https://osm.org で描いた辺りを表示して、URLをチャットに書けば
何処をマッピングしたのか、みんなに伝えることが出来ます。
※画面キャプチャを貼り付けるのも良いですねー（Copyright付けてね）
そうそう、地図を保存する時のコメントに「#MappyHourJapan」を
追記したら、以下のサイトのHashtagsランキングに掲載されるかも？

https://osmstats.neis-one.org/

それでは、みなさん楽しくいきましょう。","","👍 (3)"
"1265612705079754807","hokkosha","2026-05-16T21:09:47.5170000+09:00","久しぶりの参加です。
GW沖縄旅行中に体調を崩し、帰ってきてから寝込んでOSMの連続編集記録が199日で途切れてしまいました😭 
今年こそ365日編集を達成したかったのに無念…

復活してから気を取り直してマッピングも再開。
沖縄本島も中部までいくとあまりマッピングが進んでいない箇所があり、レンタカーで幹線道路を通り過ぎただけではありますが、イオンモール沖縄ライカムという巨大モールの周辺の森林などが全然描かれていなかったところをちょっと埋めました。","https://cdn.discordapp.com/attachments/1280905549227102210/1505180464179314708/Screenshot_From_2026-05-16_20-58-16.png?ex=6a313d0b&is=6a2feb8b&hm=045d7c4758dd624e6029503e26f42cd4e31df686ed07e25d76400293d2ea7b1e&,https://cdn.discordapp.com/attachments/1280905549227102210/1505180464602681405/Screenshot_From_2026-05-16_09-49-34.png?ex=6a313d0b&is=6a2feb8b&hm=ea72f3ffe1f082ee1253cd7e3577a7172bb5baa16705add21828d976f4b2b076&,https://cdn.discordapp.com/attachments/1280905549227102210/1505180465009659975/Screenshot_From_2026-05-16_21-00-39.png?ex=6a313d0b&is=6a2feb8b&hm=a4bbe063a9d2d09c3d7ee415ad5bdecc1e7e17575046f20eddf4dd1e31cf2ee9&","👍 (4),😭 (2)"
"739988936092418122","k.sakanoshita","2026-05-16T21:11:22.6640000+09:00","お疲れ様です。体調不良の中、無理せずご参加くださいー。","",""
"1265612705079754807","hokkosha","2026-05-16T21:12:44.1330000+09:00","ありがとうございます。
ちなみに現地でもあまりパソコン開く気力がなかったのですが、現地ではEvery Doorでホテル周辺のマンションの名前だけ入れてなんとか連続編集つないだりしてました。
普段はJOSMですが、スマホアプリという選択肢があることは大事ですね。","","👍 (1)"
"633050533745262611","junkyard.critter","2026-05-16T21:22:48.0580000+09:00","初めての参加です！
東京の東急目黒線の西小山駅～洗足駅周辺をマッピングしようと思います","","👏 (7)"
"739988936092418122","k.sakanoshita","2026-05-16T21:30:54.1050000+09:00","始めまして！意外と首都圏のマッピングはまだまだなのでありがたい！よろしくお願いしますね！","","🤝 (1)"
"824917397827354634","tom_konda","2026-05-16T21:33:27.4900000+09:00","こんばんは。
本日も相模大塚駅の辺り（今回は北方向）のマッピングをしていこうと思います。","","👍 (4)"
"739988936092418122","k.sakanoshita","2026-05-16T21:39:49.6990000+09:00","お疲れ様です！今週も引き続きよろしくお願いしますね！","","👍 (1)"
"739988936092418122","k.sakanoshita","2026-05-16T21:40:46.1070000+09:00","","","👍 (1)"
"739988936092418122","k.sakanoshita","2026-05-16T21:40:46.4760000+09:00","そうそう、マッピングのネタが無い方は、ご提案頂いたMapRoulette如何でしょうか？","",""
"1409094497165512785","qing_06282","2026-05-16T21:48:50.2850000+09:00","こんばんは
桜島の道路形状修正など調整をしていきます","","👍 (3),🌋 (3)"
"739988936092418122","k.sakanoshita","2026-05-16T21:49:36.3590000+09:00","お疲れ様です！桜島はいつか行きたい場所！
マッピングよろしくお願いします！","","👍 (1)"
"837915872663437332","nmaruichi0129","2026-05-16T22:33:46.3380000+09:00","本日、(西風新都と免許鵜センター間に)新しい道路がOSMに(現地に道路名の表示は無かった気がするが、)「西風新都環状線」と言う名称で描かれているの気づき、Mapillary用の写真を撮りとgpx取りに(70km弱の)サイクリングを行いました。
上記の道は、航空写真では工事中の状態ではっきりとはわからない気がしていますが、地理院時地図には記載されています。
その際に他の新しい道が完成しているの気づきました。
前の日曜日に最近に描いていた住宅団地の(70km弱の)サイクリングでの現地照査とmapillary の写真撮影+アップロードを行っています。(←来週以降になりそう)
まだOSMに描かれていない「その際に他の新しい道」を描いておこうと思います。こちらは久しぶりにGNSSのトレースログの情報からになります。(描いた後でMapillaryにアップします)","https://cdn.discordapp.com/attachments/1280905549227102210/1505201598517874839/image.png?ex=6a30a7fa&is=6a2f567a&hm=888549db9baf1a317edb7f85c09dfa5fc0be28fc227ed3ec50ea87b385efa506&","👍 (6),❤️ (1)"
"633050533745262611","junkyard.critter","2026-05-16T22:55:09.7380000+09:00","眠くなってきましたので今日はここまでにします！
https://www.openstreetmap.org/changeset/182743545
明日続けます！","","👍 (4),😪 (1)"
"739988936092418122","k.sakanoshita","2026-05-16T22:57:58.0280000+09:00","お疲れ様でした！新しい道ってわくわくしますねー。引き続きよろしくお願いします！","","👍 (1)"
"524090747952037888","nyampire3568","2026-05-16T22:59:39.6210000+09:00","Plateau用Rapidの改修をしています。
基本的にClaude codeさん任せなので、僕的にはポチポチ内容見ながらOKだしたりツッコミしたりしています。
バグを取ったり、Upstreamの改修を取り込んだりして、来週はデータ更新をしようかな、というところ。
そこそこ使い勝手よくなってきたと、自己肯定感あげております（）

https://rapid.nyampire.info/","","👍 (7)"
"739988936092418122","k.sakanoshita","2026-05-16T23:00:15.3580000+09:00","お疲れ様でした！変更セットのコメントも丁寧で良い感じですね！","","☺️ (2)"
"282346512065888266","gray27","2026-05-16T23:43:32.9500000+09:00","https://www.openstreetmap.org/changeset/182746014 branchやらaddr:*やらをちょっとお手入れ
本業をさっき終わらせてきたのでちょっとだけ。","","❤️ (6),🎉 (1)"
"1409094497165512785","qing_06282","2026-05-16T23:52:07.5380000+09:00","natural=screeとnatural=woodの調整でちょっとは航空写真に寄せることができたかなーと","https://cdn.discordapp.com/attachments/1280905549227102210/1505221316868046898/FireShot_Capture_085_-_Easy_Changeset_Viewerver_2025_03_29_-_k-sakanoshita.github.io.png?ex=6a30ba57&is=6a2f68d7&hm=5a6a5bfb96ebe59f31be81c7902efba307e1d7cfd6a560fda1d8e0e4cc9376e1&","👍 (3)"
"739988936092418122","k.sakanoshita","2026-05-16T23:55:53.4270000+09:00","お疲れ様です。かなり良くなった感じがしますね。こういった感じでPLATEAUのデータが使えるのは理想的だなと思います。これを使ったワークショップとか開けたらいいけど、興味持ってくれる方がいるかなぁ。","",""
"739988936092418122","k.sakanoshita","2026-05-16T23:57:53.4770000+09:00","お疲れ様でした！お店の追加は嬉しいですねー。","","🐈 (1)"
"837915872663437332","nmaruichi0129","2026-05-17T00:33:46.3670000+09:00","本日の編集です。
今回追加したかった新しい道(1本のウェイ)に対して既存の未舗装だった護岸道路と接続と障害物(車両止め?)は別の編集で設定したいと思います。
また上記の道を含む本日サイクリング分のMapillaryのアップロード中です。","https://cdn.discordapp.com/attachments/1280905549227102210/1505231798215512254/image.png?ex=6a30c41a&is=6a2f729a&hm=e16358346df07d3068897d1c9f8551f0b0e2f289ef2a45cd3337b20cc074680e&","👍 (4)"
"824917397827354634","tom_konda","2026-05-17T00:47:00.3930000+09:00","今晩の成果です。
本当はもう2ブロックぐらいやりたかったのですが、気力が持たず断念。
https://www.openstreetmap.org/changeset/182748799","https://cdn.discordapp.com/attachments/1280905549227102210/1505235128383832294/image.png?ex=6a30c734&is=6a2f75b4&hm=aee26eadfb401797c5d5336daafac4d038d07861458cd4af7fc347d2f0f90a70&","👍 (5)"
"282346512065888266","gray27","2026-05-19T21:29:49.6300000+09:00","今日はちょこっと現地","https://cdn.discordapp.com/attachments/1280905549227102210/1506272669748695110/image.png?ex=6a3141bd&is=6a2ff03d&hm=1f5bb5ffed1b83a0e24265878e04317d99d300c1168cdde0f7ca7db62f51e2a5&","👍 (3)"
"282346512065888266","gray27","2026-05-19T21:49:22.5320000+09:00","気づいたら所沢駅南西部～ドーム周辺の宅地が全部描かれてる…","","👍 (5)"
"293741768153890827","mapconcierge","2026-05-21T11:18:39.4690000+09:00","青学の授業で、RapiD 経由の PLATEAU インポートを学生たちに試してもらいました！
南側の東村山市は PLATEAU建物インポート済みなので、これで面的に接続されたと思います。

特に、狭山丘陵を活動拠点としている公益財団法人 トトロのふるさと基金さんが活動のなかでOSM使われていたので優先しました！","","👍 (5)"
"282346512065888266","gray27","2026-05-21T11:20:24.3280000+09:00","そりゃーあっという間に進むわけだ！","","❤️ (1)"
"293741768153890827","mapconcierge","2026-05-21T11:22:40.2060000+09:00","今どきの大学生初心者に建物入力作業を計測させましたが、背景の航空写真がクリアでテンポよくいくと 100建物/min くらいのスピードがでています。取りこぼしの建物は Validator として古橋がチェックしてフォローアップしています。","","👍 (3)"
"282346512065888266","gray27","2026-05-21T13:12:08.2150000+09:00","久々に`addr`タグ触ってます","https://cdn.discordapp.com/attachments/1280905549227102210/1506872197614932008/image.png?ex=6a30cd18&is=6a2f7b98&hm=0f2e7854a60f2aa5cee6b67c36301eee66071db9bddeb31eaa493c32b137a6ae&","👍 (5)"
"524090747952037888","nyampire3568","2026-05-21T20:09:15.0550000+09:00","rapid plateauですが、いま、ジオメトリが壊れてるのを入れ替えてます。
明日くらいまでかかるはず。","","📥 (2),📤 (2),👍 (3)"
"524090747952037888","nyampire3568","2026-05-23T15:01:59.0730000+09:00","Rapid Plateauのデータ入れ替えと、Relationの投入機能追加、完了しました！
https://rapid.nyampire.info/","",""
"524090747952037888","nyampire3568","2026-05-23T15:03:13.2280000+09:00","ストレージを増強したので、少し余裕ができました。
対象の都市を増やす事が可能です。
2025年に追加された自治体も対象にできるかと思います。

https://front.geospatial.jp/plateau_portal_site/","","👍 (3)"
"739988936092418122","k.sakanoshita","2026-05-23T20:58:28.3010000+09:00","Mappy Hour案内文
【MappyHourにご参加されるみなさまへ】
MappyHourは、みんなでOpenStreetMapを描いていくイベントです。

近所でも旅先でも、興味が湧いた場所から気楽に描いていきましょう。
まずは、このチャットに「何処を描きたいか」を投稿してみましょう。
大まかな都市名や駅名でOK。描きたいものがあればそれも合わせて！
地図の描き方が分からない人は、以下のサイトを読んでみてください。
それでも分からなければチャットで質問ください。早めに返答します。

LearnOSM（はじめてからのOpenStreetMapガイド）
https://learnosm.org/ja/beginner/

地図を描いている時（マッピング中）、どう描けば良いか分からない
ものが見つかったら、チャットで描き方を一緒に考えていきましょう。
もちろん、描いている時に気が付いたこと、面白い地物などがあれば
どんどんチャットでネタを提供していきましょう。
そして、地図を描いた後は、チャットで成果発表してみませんか？
https://osm.org で描いた辺りを表示して、URLをチャットに書けば
何処をマッピングしたのか、みんなに伝えることが出来ます。
※画面キャプチャを貼り付けるのも良いですねー（Copyright付けてね）
そうそう、地図を保存する時のコメントに「#MappyHourJapan」を
追記したら、以下のサイトのHashtagsランキングに掲載されるかも？

https://osmstats.neis-one.org/

それでは、みなさん楽しくいきましょう。","","👍 (5)"
"739988936092418122","k.sakanoshita","2026-05-23T21:18:55.2110000+09:00","じー。","","😅 (1),👀 (1)"
"837915872663437332","nmaruichi0129","2026-05-23T21:18:59.1570000+09:00","こんばんは、
先々週の日曜日に最近に描いていた住宅団地の(70km弱の)サイクリングで現地調査(+mapillary)を元に公園など名前を確認した情報を加えたいと思います。
住宅団地内の公園のほとんどは、現状は住宅地扱いになっているので分割することになります。","","👍 (5)"
"739988936092418122","k.sakanoshita","2026-05-23T21:19:48.6260000+09:00","お疲れ様です！70kmってすごい距離ですね。公園マッピングよろしくお願いします！","","👍 (1)"
"844251370411786272","wish.f","2026-05-23T21:27:51.8900000+09:00","こんばんは
Civic Tech Forum の前後に周辺のサーベイをしてきたので、編集していこうと思います。","","👍 (5)"
"1409094497165512785","qing_06282","2026-05-23T21:31:03.5190000+09:00","こんばんは
数年放置されていた地図メモつぶしにサーベイしてきたので反映します","","👍 (4)"
"902376680004407367","sava_god","2026-05-23T21:31:07.9260000+09:00","こんばんは、初参加ですがよろしくお願いします。卒研のため住宅街をマッピングしようと思います。","","👍 (6)"
"837915872663437332","nmaruichi0129","2026-05-23T21:32:45.5590000+09:00","ちょっとジロ・デ・イタリアを見ながら開始の投稿をしていました。(時々書くのを忘れて、TV見てました。)
「70km弱」は、先週の投稿のコピぺだったりしますが、正確には、 5/10 に 68.7km
先週の 5/16 が、 76km のサイクリングしていました。
(GPSの取得に使っている サイクルコンピュータ(Garmin) の関係で半月ぐらいに200km走るチャレンジをやってみようとしたためだったりします。)
最近は、一回のサイクリングでは 100km以下の短い距離しか走れていませんけどね。","",""
"739988936092418122","k.sakanoshita","2026-05-23T21:44:12.8310000+09:00","今日はありがとう！マッピングよろしくお願いします！","",""
"739988936092418122","k.sakanoshita","2026-05-23T21:45:06.6120000+09:00","100km以下が短い距離とはー。サーベイし放題ですね。すごい。","",""
"739988936092418122","k.sakanoshita","2026-05-23T21:45:51.2150000+09:00","お疲れ様です！おー。地図メモを解消させるのは地味に大事なのでありたがたく！","",""
"739988936092418122","k.sakanoshita","2026-05-23T21:46:57.3980000+09:00","お疲れ様です！始めまして！卒研ですか、何か気になることとか、分からないこと。協力が欲しいことがあれば、お気軽に、このチャンネんでお問い合わせくださいー。","",""
"902376680004407367","sava_god","2026-05-23T21:49:05.0760000+09:00","昨日の夜、国土地理院のオレンジ枠を、自動検出し、補助するようなプログラムを作成しようとしたのですが、うまくいかず諦めました。","",""
"739988936092418122","k.sakanoshita","2026-05-23T21:50:16.4150000+09:00","ええと。それは禁止されている行為なので、止めて頂きたく（OpenStreetMap Foundation Japanが国土地理院とそう調整したハズです）。","",""
"902376680004407367","sava_god","2026-05-23T21:51:39.4660000+09:00","そうなんですね、知りませんでした","",""
"902376680004407367","sava_god","2026-05-23T21:52:13.3410000+09:00","どちらかというと、密集度の計算の補助のため導入したく試行錯誤していました。","",""
"739988936092418122","k.sakanoshita","2026-05-23T21:53:43.4820000+09:00","ここに書いてあったりします。
って、普通はみんな見る場所でも無いので、知らないのは仕方ないかなと。
https://wiki.openstreetmap.org/wiki/JA:GSImaps","","👍 (4)"
"739988936092418122","k.sakanoshita","2026-05-23T21:54:18.3720000+09:00","具体的には「地理院タイルのデータを形式変換や抽出してインポートすることは許可されていません。」となります。","",""
"739988936092418122","k.sakanoshita","2026-05-23T21:55:10.5760000+09:00","ざっくりとした場所を教えて下さいな。私も少しならマッピングするのでー。","",""
"902376680004407367","sava_god","2026-05-23T21:56:14.8910000+09:00","石川県金沢市の犀川と浅野川に挟まれた領域全ての建物マッピングをしています。","","👍 (3)"
"902376680004407367","sava_god","2026-05-23T21:57:27.3960000+09:00","qgisやflo-2dでの洪水、氾濫シュミレーションに必要なため作成しています。","",""
"739988936092418122","k.sakanoshita","2026-05-23T21:59:21.8900000+09:00","あー。なるほど。ここはマッピングのしがいがありますね（金沢のど真ん中）。","",""
"739988936092418122","k.sakanoshita","2026-05-23T22:00:37.8800000+09:00","金沢駅の辺りは再開発していて、航空写真や地理院地図の更新が間に合っていないので、既に書かれている場所を修整する際は慎重（明らかに古いと分かる場所に絞る）にマッピング頂けるとありがたく","",""
"902376680004407367","sava_god","2026-05-23T22:02:13.6090000+09:00","一応グーグルマップとの２画面で確認しながら作業していますが、参照先のおすすめなどはありますでしょうか？","",""
"739988936092418122","k.sakanoshita","2026-05-23T22:03:56.0180000+09:00","ええと、Google Mapsの参照はしないようにお願いします。これはGoogle Mapsをコピーしていると判断されるのを避けるためです。","",""
"902376680004407367","sava_god","2026-05-23T22:04:36.8800000+09:00","おすすめの航空写真などはありますか","",""
"1409094497165512785","qing_06282","2026-05-23T22:04:56.3200000+09:00","ベースは国土地理院 全国最新写真(シームレス)
- Mapbox衛星画像
- Bing Maps Aerial
- Esri World Imagery
がシームレスより最新の場合があるので、
経年変化（住宅・ミニ団地やソーラーパネルなど）を見つけて採用してます
ただし、3つの航空写真は要位置修正です","","👍 (3)"
"902376680004407367","sava_god","2026-05-23T22:11:52.5370000+09:00","参考にさせていただきます。","",""
"1409094497165512785","qing_06282","2026-05-23T22:13:30.6800000+09:00","調べたところ、金沢市は
地理院: 2007
https://maps.gsi.go.jp/#14/36.572527/136.655159/&base=std&ls=std%7Cgsi-compare-photo&blend=0&disp=11&lcd=gsi-compare-photo&vs=c1g1j0h0k0l0u0t0z0r0s0m0f1&d=m
Esri: 2026-02-26
https://livingatlas.arcgis.com/wayback/#mapCenter=136.64484%2C36.57928%2C15&mode=explore&active=64001","","👍 (1)"
"844251370411786272","wish.f","2026-05-23T22:19:29.3210000+09:00","最近のサーベイとの比較での体感ですが、
金沢周辺はMapbox衛星画像が最新だと思います
ご参考まで","","👍 (1)"
"837915872663437332","nmaruichi0129","2026-05-23T22:27:12.8620000+09:00","昔は、160〜200kmのサイクリング年に数度はやって居たんですけど。(200kmは過去一回のみ)
> 100km以下が短い距離とはー。サーベイし放題ですね。すごい。
100km以上のサイクリングを優先していると気になるところで止まってのサーベイが出来ません。
片道70kmで往復140kmぐらいになるしまなみ海道でサーベイしたのが最長かなって思って見てみると……。

下記の様に自転車通行可の歩道が、`highway=cycleway` にされていました。(自転車専用どうで無いのでまずいですね。 https://wiki.openstreetmap.org/wiki/JA:Japan_tagging)
https://www.openstreetmap.org/way/162654198 (来島海峡大橋)
https://www.openstreetmap.org/way/753252343 (伯方橋/大島大橋)
ただ、2年前に`highway=cycleway` に設定された方が、`highway=footway` に戻していた例もあったので、戻し忘れかな……。
私自身の編集内容でもあまり良くないのもあったので(すぐに取りかかる気力は無いので)いずれ直したいと思います。","","🚲 (2),👍 (1)"
"902376680004407367","sava_god","2026-05-23T22:33:52.9840000+09:00","ドーナツ型の構造物はどのようにマッピングすればいいのでしょうか？","",""
"1409094497165512785","qing_06282","2026-05-23T22:36:58.5910000+09:00","パッと説明できそうにないので...
https://learnosm.org/ja/beginner/id-editor/#マルチポリゴンの描き方
https://learnosm.org/ja/josm/josm-relations/#マルチポリゴンリレーションの作成","",""
"902376680004407367","sava_god","2026-05-23T22:51:15.4300000+09:00","出来ました、ありがとうございます","","👍 (1)"
"739988936092418122","k.sakanoshita","2026-05-23T23:34:14.0750000+09:00","とりあえず、金沢の海側をマッピング！","https://cdn.discordapp.com/attachments/1280905549227102210/1507753529681645620/image.png?ex=6a30b626&is=6a2f64a6&hm=067976c6a478083a6e46ae7cd12091f3e11b07f4200ef3f13b00bdb9dc2f9570&","👍 (4)"
"524090747952037888","nyampire3568","2026-05-23T23:36:22.2770000+09:00","マッピングではないですが、Rapid Plateauの対象都市が、どのくらいの建物投入率なのか、を、一覧化できるダッシュボードを作ろうとしています。
他にもつくりたいものあるのだけど、こう、OSMFJの事務作業しろ、という冷静な声も脳内にあり、はい。","","😅 (1)"
"524090747952037888","nyampire3568","2026-05-23T23:37:53.4910000+09:00","こう、Githubの草表示みたいなかんじで、自分がどれだけ今週・今月に、何をマッピングして何をがんばったか、サマリして褒めてくれるメールを送る、みたいな要約サービスがほしいんですよね。
みんながんばってるんだから、褒められるべきじゃん。","","👍 (4)"
"1409094497165512785","qing_06282","2026-05-24T00:04:28.0160000+09:00","天文館は俺の技量じゃサーベイ、マッピングできない...","https://cdn.discordapp.com/attachments/1280905549227102210/1507761137834393783/FireShot_Capture_087_-_Easy_Changeset_Viewerver_2025_03_29_-_k-sakanoshita.github.io.png?ex=6a30bd3c&is=6a2f6bbc&hm=51f6ea2992422cf9fdd3cb2f1997db1aa393d7725ceb7fbfd3e18602fe4c008b&,https://cdn.discordapp.com/attachments/1280905549227102210/1507761138446893066/FireShot_Capture_086_-_OpenStreetMap_-_www.openstreetmap.org.png?ex=6a30bd3c&is=6a2f6bbc&hm=df92c09128f8618680187b302ad3b1502b909e9e96571fa9e751a0560e1abf76&","👍 (6)"
"282346512065888266","gray27","2026-05-24T00:08:17.7120000+09:00","日本国内の`addr`タグを`addr:*`に分解し終わりました","https://cdn.discordapp.com/attachments/1280905549227102210/1507762101492518932/image.png?ex=6a30be21&is=6a2f6ca1&hm=77e1cf7b2292e2d9a9fce34815b71dc17d073a9f01b1e16dca905d64022f283b&","🎉 (8)"
"844251370411786272","wish.f","2026-05-24T00:24:47.2470000+09:00","本日の成果です
うめきたの森も少しずつ様子が見えて、新梅田シティの一部も道路工事で用地が削られて、全体の完成が近づいてきてますね。","https://cdn.discordapp.com/attachments/1280905549227102210/1507766251479503049/image.png?ex=6a30c1ff&is=6a2f707f&hm=7aa62e812ea25ddb17286521318e890c423ceea013b8a92163567571f2fc9550&","👍 (5)"
"837915872663437332","nmaruichi0129","2026-05-24T02:21:44.1060000+09:00","今回の成果
公園を主に描いたつもりでしたが、あまり進みませんでした。
その要因として、しまなみ海道サイクリングロードの歩道が自転車道になっている問題を書いたことと、もう一つの原因あり。
もう一つの原因は、私の地元の廿日市市の女子野球チームの野球場を追加したことです。
なせか広島市にあります。(理由は推測でききるんけど……。)","https://cdn.discordapp.com/attachments/1280905549227102210/1507795683007135785/image.png?ex=6a30dd68&is=6a2f8be8&hm=4b3f0667c254ecb8fa3fd8c7b9f4cdf7be8cccf8e269ef72d6ec19b6b9070930&","👍 (3)"
"709289083867758625","alt9800","2026-05-24T09:51:11.0550000+09:00","アーケードマッピングむずいですよね〜！

お隣の熊本でもCode forのひとびとが頑張ってるんですけどなかなか進んでないみたいです","","👍 (3)"
"1409094497165512785","qing_06282","2026-05-24T12:04:39.2070000+09:00","難しいですねー。
人混みの多さ、店舗・POI)の数に加えて、サービス内容に応じたタグ付けや位置合わせなど、様々な要素が絡んできますね。
人を集めて、通りやブロック単位に分けたり、テーマを決める（飲食店Onlyや娯楽施設Onlyなど）など、企画して進めるのも面白いかもしれませんが、それでもかなりの長期戦になりそうですね。","","👍 (3)"
"1265612705079754807","hokkosha","2026-05-24T12:06:35.1500000+09:00","おはようございます。昨晩は安定の寝落ちでした💤 
昨日限定ではなく1週間分のスクショですが、沖縄北中城村の森林をかなり描き足しました。今日は沖縄市方向にも少し進出しています。
沖縄本島は一般の居住エリアの密集度が激しくて、米軍基地エリアの贅沢な土地の使い方とは対照的ですが、私が普段描いてる北海道は米軍寄りの密度なので、沖縄の住宅地の建物マッピングに手を出す気力が湧かない…","https://cdn.discordapp.com/attachments/1280905549227102210/1507942864859172874/image.png?ex=6a30bdbb&is=6a2f6c3b&hm=eabe9a4bad9bbb54268aa4cd1a1b90788a668c0ee08c6bcd1e12091ee11e3909&","🌳 (4)"
"282346512065888266","gray27","2026-05-24T14:46:40.9610000+09:00","うーん？集合体か？

`addr:full`がインポートされている長野県佐久市を久々に。正規表現をアップデートしたのでLevel0編集が捗っています","https://cdn.discordapp.com/attachments/1280905549227102210/1507983154428772413/image.png?ex=6a30e340&is=6a2f91c0&hm=5f31044a3e35148cb21ca8340fcc74b73e2bff44f9f73d59f10639cf7654b8fa&","👍 (2)"
"282346512065888266","gray27","2026-05-24T18:26:28.9390000+09:00","もう１波やった","https://cdn.discordapp.com/attachments/1280905549227102210/1508038468842815638/image.png?ex=6a3116c4&is=6a2fc544&hm=278bdd64b671c4dd94e1998bda38ed410aaf528a311dda486fc21e8626d4ee24&","👍 (2)"
"282346512065888266","gray27","2026-05-24T18:35:20.8840000+09:00","OverpassTurbo→Level0→サクラエディタ→Level0→OSM でガツガツやってます","https://cdn.discordapp.com/attachments/1280905549227102210/1508040699923402864/image.png?ex=6a3118d8&is=6a2fc758&hm=024b6150885881b0097c648b8f7daa5618698680dcdea0a7c23938793fb83535&,https://cdn.discordapp.com/attachments/1280905549227102210/1508040700229451876/image.png?ex=6a3118d8&is=6a2fc758&hm=e61d03885883ffbd6343310e86a196bed4bc4d282d7d4658a905f56d0a6ba40b&","👍 (2)"
"282346512065888266","gray27","2026-05-24T18:37:24.9840000+09:00","`addr:housenumber`だけレンダリングされるのはstreet文化圏だといいんだろうけど、`123番地45号`みたいな場合は`123-45`って出ると嬉しいかも と思う 1号 祭り","https://cdn.discordapp.com/attachments/1280905549227102210/1508041220855693332/image.png?ex=6a311955&is=6a2fc7d5&hm=d14c0f5c57ccbd8ca0a7cb3bf6bc1d1e862b4144cb23ae13b9a76462ce3bf81d&","👀 (3)"
"345916386511421440","nononoexe","2026-05-24T22:16:40.2290000+09:00","久しぶりにマッピングしました。今回は金沢駅の西側の建物をマッピング","https://cdn.discordapp.com/attachments/1280905549227102210/1508096397612941382/image.png?ex=6a30a3f8&is=6a2f5278&hm=d76c2f03ca4787c439a26e2fc85a65e666190c247fb83fc84a4f917c88a96140&","👍 (5)"
"739988936092418122","k.sakanoshita","2026-05-25T00:38:40.7270000+09:00","そういえば、未返答の問い合わせが2件ほどありましたねー。","",""
"739988936092418122","k.sakanoshita","2026-05-25T00:39:21.8170000+09:00","お疲れ様でした！天文館って、そんなにややこしいんですか（よく知らない）。","",""
"739988936092418122","k.sakanoshita","2026-05-25T00:40:09.9650000+09:00","お疲れ様でした！日本国内ってのが大きなスケールですね。すごい。","","🐈 (1)"
"739988936092418122","k.sakanoshita","2026-05-25T00:41:21.3330000+09:00","お疲れ様でした！そういった所から、様々な問題が見えてくるかも知れませんね。マッピング進めたい所です。","",""
"739988936092418122","k.sakanoshita","2026-05-25T00:42:12.5820000+09:00","お疲れ様でした！金沢ありがたやー。まだまだ全然なエリアなので、充実させていきたいところです。","",""
"282346512065888266","gray27","2026-05-27T03:27:32.4840000+09:00","おはようございﾏｯﾋﾟﾝ
国分寺駅北口を進めました with RapiDPlateau","",""
"282346512065888266","gray27","2026-05-27T03:31:14.3370000+09:00","","https://cdn.discordapp.com/attachments/1280905549227102210/1508900337057271898/image.png?ex=6a30edb2&is=6a2f9c32&hm=a8a20a85f1f477cd451ba155cd23db850723db10a82c90435f561da1b7219cb4&","👍 (1)"
"282346512065888266","gray27","2026-05-27T22:25:47.1290000+09:00","住宅地をRapiD-Praleauで繋げた。細かな住宅が多い","https://cdn.discordapp.com/attachments/1280905549227102210/1509185854306914415/image.png?ex=6a30a61a&is=6a2f549a&hm=961a1b942e1be594b8832cff876192e70d9219ec0c49d3e0f8794e9cfeffed01&,https://cdn.discordapp.com/attachments/1280905549227102210/1509185854621618388/image.png?ex=6a30a61b&is=6a2f549b&hm=db0bcf4b1943cbccd1ec1f2a6d3a94f865b54df505e2e9ef4d694c46bf3cd45b&","👀 (2),👍 (1)"
"282346512065888266","gray27","2026-05-27T22:42:09.4960000+09:00","線路側の未プロットが気になってしまったので埋めてきました","https://cdn.discordapp.com/attachments/1280905549227102210/1509189974623391844/image.png?ex=6a30a9f1&is=6a2f5871&hm=db36da0fcf9efaea93a4af3c12b6e7dd9de5bd9d002817a852ae051daecf2bdc&","👍 (2)"
"282346512065888266","gray27","2026-05-27T23:35:15.9460000+09:00","今日はもうこれのケアはしない！沼すぎる！","https://cdn.discordapp.com/attachments/1280905549227102210/1509203339798384680/image.png?ex=6a30b663&is=6a2f64e3&hm=465cce99e845d0515b8ac64c98c1a50fec6c5e23c1c9e4dd0f9a82e520fbeda3&","_sumi_ (1),😅 (1)"
"282346512065888266","gray27","2026-05-27T23:42:32.8990000+09:00","これも積み残し～
府中市＊＊町 をcityにしちゃってる
だいたい ＊＊町N丁目。","https://cdn.discordapp.com/attachments/1280905549227102210/1509205171882688633/image.png?ex=6a30b818&is=6a2f6698&hm=0114acd94a56f00f3a9dde3441787e67f0fa6fd95bc5d1852f13f1e1a9086314&","😅 (1)"
"766311180695371799","naminami_t","2026-05-28T07:42:17.5810000+09:00","うへー、
何故かこの辺だけ過去に住所を書いたんですが

https://www.openstreetmap.org/?#map=19/34.675348/135.768936

このやり方でOKですか？","",""
"282346512065888266","gray27","2026-05-28T07:44:46.0610000+09:00","https://www.openstreetmap.org/node/2462801283 私はこのNodeに合わせて漢数字「一丁目」にしたくなりますが、housenumberに枝番が入るの含めて見た感じ問題なさそうな入力ですね◎","","👍 (1)"
"282346512065888266","gray27","2026-05-28T17:35:27.1900000+09:00","`addr:street`を1つ消しに来たらすごいものを見てしまった","https://cdn.discordapp.com/attachments/1280905549227102210/1509475177845620787/image.png?ex=6a310acf&is=6a2fb94f&hm=816362deb0e7493c52ff2c47edba93d4bdc7b632b56b6b9e589c5aba938640fa&","😮 (1)"
"844251370411786272","wish.f","2026-05-28T23:07:11.2630000+09:00","週末に旅行で降り立った駅の駅前に建物がほとんどなかったので、少しずつ描き足し。
駅をマッピングするとstop_areaリレーションを設定すると警告で躓き……(wikiの記述もこのあたりまでカバーできるといいんだけども)
ともあれ、通ったところに地図ができてくのが楽しいわけで。","https://cdn.discordapp.com/attachments/1280905549227102210/1509558661675090142/image.png?ex=6a30afcf&is=6a2f5e4f&hm=6f464e75162489e96766ca3025c837293b0f819477fc0684706b3af15460250e&","👍 (1)"
"844251370411786272","wish.f","2026-05-28T23:22:20.2970000+09:00","アーケードマッピング、時間はかかりますが、やってみるとハマりますよ
（クエリの書き方勘違いしてやっと出せたので）","https://cdn.discordapp.com/attachments/1280905549227102210/1509562474440032276/image.png?ex=6a30b35c&is=6a2f61dc&hm=33bc7241003e4432662cfd38a5e6a418fff3a660dcd7badf26d63e40c2773189&","👍 (4)"
"844251370411786272","wish.f","2026-05-28T23:22:56.4270000+09:00","元の状態を残しておけばよかったと後悔","",""
"844251370411786272","wish.f","2026-05-28T23:24:32.3600000+09:00","ライフサイクルが短い店も増えているので、フォローアップが課題ですね","",""
"282346512065888266","gray27","2026-05-29T01:58:05.8670000+09:00","住所タグを触り続けています","https://cdn.discordapp.com/attachments/1280905549227102210/1509601672400470188/image.png?ex=6a30d7dd&is=6a2f865d&hm=5fdb65c67086eddfc27fb54325e8e6730ec09e672d444aa17110f5bfbae36d85&","👍 (1)"
"282346512065888266","gray27","2026-05-29T09:42:18.4470000+09:00","だいぶ都内の`addr:street`が片付いてきたなぁ","https://cdn.discordapp.com/attachments/1280905549227102210/1509718494277795931/image.png?ex=6a3144aa&is=6a2ff32a&hm=c68e4148a77c637fbe6be20c46f2164c68600892249eea7a19e006e12ed54bbf&,https://cdn.discordapp.com/attachments/1280905549227102210/1509718494663540736/image.png?ex=6a3144aa&is=6a2ff32a&hm=ca12246cfa3ac224c2d6b8f43d1901a3b355884852d675b3d2a2061b8d082c5e&","👍 (1)"
"709289083867758625","alt9800","2026-05-30T15:49:28.0820000+09:00","住所設定の便利帳、海外の方や初心者の方も増えて来たのでどこかにまとめたいですね
住所録を打ち込むとOSMに適した形にしてくれるパーサなどあるといいのかも(すでにあったりしますかね？)","",""
"709289083867758625","alt9800","2026-05-30T16:15:25.9830000+09:00","そういえば昨日迷ったドメスティックな地物として、「着物の着付け教室」というものがありました。
iDエディター上では「カルチャーセンター」でもないし、「道場」でもないし、なんか習い事の教室として便利なタグがあるといいな〜と思いました。","",""
"709289083867758625","alt9800","2026-05-30T16:16:47.4700000+09:00","九工大戸畑キャンパス周辺を拡充中、北九州は区によっては公的に照会したっぽい「市道〇〇号」のようなデータを整備してある道路も見かける一方で戸畑区はそもそも道路が書かれていないような場所も住宅街に置いて散見されます。頑張って書くぞ〜","https://cdn.discordapp.com/attachments/1280905549227102210/1510180157476962354/image.png?ex=6a30f85f&is=6a2fa6df&hm=1db6c7808f9ff56128b5a1302542101b85e12658aa36a2c113b7bcf2f71fc6e1&","👍 (3)"
"282346512065888266","gray27","2026-05-30T18:45:26.2780000+09:00","https://discord.com/channels/1280891177020686347/1386969584166506546/1399218578485542974
割と最近(?)整備したので、まぁ…
パーサーはデジタル庁がなんか頑張ってなかったっけ、あれは標準を提供するだけだっけ","",""
"844251370411786272","wish.f","2026-05-30T20:06:41.7200000+09:00","「着物の着付け教室」
`amenity=training` で `training=fashion`
とかですかね...。
(どこかでマッピングした気がするけど見つけられませんでした)
https://wiki.openstreetmap.org/wiki/JA:Tag:amenity%3Dtraining","","👍 (2)"
"824917397827354634","tom_konda","2026-05-30T20:09:23.9930000+09:00","ドメスティックな習い事でいうと、書道教室のタグもそうですね。
カリグラフィーの文脈から有りそうなのですが、見つけられず。","",""
"844251370411786272","wish.f","2026-05-30T20:09:35.8750000+09:00","`training=kimono` でも10か所あるようです。","",""
"844251370411786272","wish.f","2026-05-30T20:11:49.1240000+09:00","`training=calligraphy`が浜松に31か所、豊川市に2か所ありました…
`training=*` が浜松には多いようで、kimonoも9か所浜松に。","","👀 (1)"
"709289083867758625","alt9800","2026-05-30T20:13:06.7840000+09:00","標準化されてないけど、データ上見分けがつくようにマッピングするといいのですね、なるほど","",""
"709289083867758625","alt9800","2026-05-30T20:14:43.2570000+09:00","むむむ、nameに入れてある...","https://cdn.discordapp.com/attachments/1280905549227102210/1510240034538917898/image.png?ex=6a313023&is=6a2fdea3&hm=bea4e34b5506d8d4affe6301d3fab964b54bbbbe627f5bad30825fb146ad6c1a&","😅 (1)"
"844251370411786272","wish.f","2026-05-30T20:15:07.1160000+09:00","`training=fashion` は日本にはなかったです笑
とはいえ、1か所しかついてない`training=*`もかなり多いので、できれば整えたいところですね。","","👀 (1)"
"739988936092418122","k.sakanoshita","2026-05-30T20:59:42.0300000+09:00","【MappyHourにご参加されるみなさまへ】
MappyHourは、みんなでOpenStreetMapを描いていくイベントです。

近所でも旅先でも、興味が湧いた場所から気楽に描いていきましょう。
まずは、このチャットに「何処を描きたいか」を投稿してみましょう。
大まかな都市名や駅名でOK。描きたいものがあればそれも合わせて！
地図の描き方が分からない人は、以下のサイトを読んでみてください。
それでも分からなければチャットで質問ください。早めに返答します。

LearnOSM（はじめてからのOpenStreetMapガイド）
https://learnosm.org/ja/beginner/

地図を描いている時（マッピング中）、どう描けば良いか分からない
ものが見つかったら、チャットで描き方を一緒に考えていきましょう。
もちろん、描いている時に気が付いたこと、面白い地物などがあれば
どんどんチャットでネタを提供していきましょう。
そして、地図を描いた後は、チャットで成果発表してみませんか？
https://osm.org で描いた辺りを表示して、URLをチャットに書けば
何処をマッピングしたのか、みんなに伝えることが出来ます。
※画面キャプチャを貼り付けるのも良いですねー（Copyright付けてね）
そうそう、地図を保存する時のコメントに「#MappyHourJapan」を
追記したら、以下のサイトのHashtagsランキングに掲載されるかも？

https://osmstats.neis-one.org/

それでは、みなさん楽しくいきましょう。","","👍 (2)"
"709289083867758625","alt9800","2026-05-30T21:04:49.8360000+09:00","福岡県南で仕事で訪れた場所をマッピングしています。主要駅周辺でも道路がぐにゃ〜〜となっていたり...修正中です @久留米市田主丸","https://cdn.discordapp.com/attachments/1280905549227102210/1510252645082992752/image.png?ex=6a313be1&is=6a2fea61&hm=94f144ede05910c1d13fdb17ef46fe5850c8d098bb254d75a3819d2f5347e17c&","👍 (4)"
"739988936092418122","k.sakanoshita","2026-05-30T21:10:48.2370000+09:00","お疲れ様です！これはやりがいありますねー。よろしくお願いします！","","👍 (1)"
"837915872663437332","nmaruichi0129","2026-05-30T22:13:04.3200000+09:00","こんばんは、
本日も70km(69.1km)弱サイクリングしましたが、今回はサーベイ目的ではなく一部のセンサー(心拍とケイデンス)に問題があったのでガーミンストアにいきました。
まさか在庫があるとは思っていませんでした。
公開GPSトレースのファイルに記録されていると思いますが、地図には関係ありません。
その他、安全にサイクリング(サーベイ)するためにボトルをもう一本つけたくてボトルケージを買いました。

先週、報告していたしまなみ海道サイクリングロードの問題は愛媛県側は修正しておきました。
本日は、しまなみ海道サイクリングロードの広島分で気になる部分の修正をしたいと思います。","","👍 (2)"
"1265612705079754807","hokkosha","2026-05-30T22:19:43.8350000+09:00","こんばんは。今日は広島県呉市に来ていますが、中心部は店などのマッピング率が高く、今更初見の観光客に等しい私がマッピングできるようなものがなし。
ということで、別に行く予定も何もないのですが、情島（なさけじま）という離島の建物がマッピングされてなかったので追加してみました。","https://cdn.discordapp.com/attachments/1280905549227102210/1510271494473912413/screenshot_2026-05-30_22-16-38.png?ex=6a30a4af&is=6a2f532f&hm=fa3dbc5c5c0608865e33a0a91cedbd19dd8a05faff60c46d16d68834a5e91c91&","👍 (6)"
"739988936092418122","k.sakanoshita","2026-05-30T22:22:42.8840000+09:00","お疲れ様です。在庫があるのは良かったですね。取り寄せだと何日掛かるか気になりますし。","",""
"739988936092418122","k.sakanoshita","2026-05-30T22:24:47.1470000+09:00","お疲れ様です。呉ですかー。行きたい街だなぁ。楽しんでください！
あれ、情島って二つあるんですかね。
https://www.openstreetmap.org/way/131159704#map=16/34.16171/132.57476","","👀 (1)"
"824917397827354634","tom_konda","2026-05-31T00:02:35.0630000+09:00","今晩は、本日も相模大塚駅の北のエリアの建物形状の修正を進めようと思います。","","👍 (3)"
"824917397827354634","tom_konda","2026-05-31T01:08:59.1690000+09:00","本日の成果です。1ブロックの一部のみ形状修正しました 🏘️ 
https://www.openstreetmap.org/changeset/183406736","https://cdn.discordapp.com/attachments/1280905549227102210/1510314089392373983/image.png?ex=6a30cc5b&is=6a2f7adb&hm=e8dc7c856dc47a4b727f4adbae4271d679e9de93ef126524e00af6528a8da5c1&","👍 (2)"
"844251370411786272","wish.f","2026-05-31T01:09:08.1620000+09:00","こんばんは
引き続き各務原市で建物のトレースなどやってました。
解像度が高い画像があればなぁ。","https://cdn.discordapp.com/attachments/1280905549227102210/1510314126646312960/image.png?ex=6a30cc64&is=6a2f7ae4&hm=2573e4972d77da0479af13a86badd8242d9c345b9a4a6d260c9d57d91e792b1e&","👍 (3)"
"837915872663437332","nmaruichi0129","2026-05-31T01:09:23.7340000+09:00","今回は、しまなみ海道サイクリングロードでは自転車専用道の標識は見てないので `highway=cycleway` や `bicyle=designated` を除去しました。
あと先週編集していた所に公園を追加しました.","https://cdn.discordapp.com/attachments/1280905549227102210/1510314191440056490/image.png?ex=6a30cc73&is=6a2f7af3&hm=be0ddab689d970a544cd1f85e3691e5fc96e3d502a5634a694ee4c9d846e32aa&,https://cdn.discordapp.com/attachments/1280905549227102210/1510314191993438341/image.png?ex=6a30cc73&is=6a2f7af3&hm=dbf59512fb41b7df56c8a1b2b4429474cf2279bdec75efe4a8c0a621da6975ed&","👍 (3)"
"739988936092418122","k.sakanoshita","2026-05-31T01:10:02.2000000+09:00","お疲れ様でした！建物の形が詳細になるのは楽しくなりますね。","","👍 (2)"
"739988936092418122","k.sakanoshita","2026-05-31T01:10:34.0380000+09:00","お疲れ様でした！ボケボケな航空写真だとマッピング厳しいですしね。","",""
"739988936092418122","k.sakanoshita","2026-05-31T01:11:48.9680000+09:00","お疲れ様でした！おー。公園ありがたい。サイクリングロードだけど自転車専用の標識は無いって不思議な気もしますね（そんなものなのかな）","",""
"739988936092418122","k.sakanoshita","2026-05-31T01:12:49.6490000+09:00","今日の昼間、明日の三国マッピングパーティに向けての準備（建物などの詳細化、更新など）してました。","https://cdn.discordapp.com/attachments/1280905549227102210/1510315055734853762/image.png?ex=6a30cd41&is=6a2f7bc1&hm=0baf8501523f1e9910c38fa296d7f0a35fc5920aca83ffa024288af3f13cd673&","👍 (3)"
"709289083867758625","alt9800","2026-05-31T15:01:12.0090000+09:00","引き続きガリガリ書いているのですが、過去、矩形化機能が知られてなかったが故にポリゴンが大きくズレてたりするのをみると、エディタの設計って大事だな〜、ノウハウを多くの人が共有してくれると嬉しいな〜って思いますね。","https://cdn.discordapp.com/attachments/1280905549227102210/1510523522785611846/image.png?ex=6a30e6a8&is=6a2f9528&hm=e8e85dd1ba85167529f8dc99ec757c23c2113e972ea9d2fc5c5d003fd605b3dd&","👍 (3)"
"709289083867758625","alt9800","2026-05-31T15:01:49.4350000+09:00","先人の頑張りをいい感じに修正できた時が一番嬉しいかもしれない","",""
"844251370411786272","wish.f","2026-05-31T22:53:15.8150000+09:00","今日の三国のマッピングパーティーのフォローで、
商店街ひとつ埋めきった...","https://cdn.discordapp.com/attachments/1280905549227102210/1510642321606312039/image.png?ex=6a30ac8b&is=6a2f5b0b&hm=132e693001c924dc2575260e4e8f6b86f52ea1afb446af6858ff00540fc355cf&","👍 (6)"
